<?xml version="1.0" encoding="UTF-8"?>
<!DOCTYPE hibernate-configuration PUBLIC "-//Hibernate/Hibernate Configuration DTD 3.0//EN" "http://www.hibernate.org/dtd/hibernate-configuration-3.0.dtd">
<hibernate-configuration>
  <session-factory>
    <property name="hibernate.dialect">org.hibernate.dialect.MySQLDialect</property>
    <property name="hibernate.connection.driver_class">com.mysql.jdbc.Driver</property>
    <property name="hibernate.connection.url">jdbc:mysql://localhost:3306/iknow</property>
    <property name="hibernate.connection.username">root</property>
    <property name="hibernate.connection.password">heavyrain</property>
    <property name="hibernate.show_sql">false</property>
    <property name="hibernate.hbm2ddl.auto">update</property>
    <property name="javax.persistence.validation.mode">none</property>
    <mapping class="rest.Article"/>
    <!-- List of XML mapping files -->
  </session-factory>
</hibernate-configuration>